<?xml version='1.0' encoding='UTF-8'?>
<!-- 1) -->
<ExtensionManifest ExtensionBundleId="com.runwayml.photoshop" ExtensionBundleVersion="1.0.0" Version="7.0" xmlns:xsi="http://www.w3.org/2001/XMLSchema-instance">
  <ExtensionList>
    <!-- 2) -->
    <Extension Id="com.runwayml.photoshop.panel" Version="1.0.0" />
  </ExtensionList>
  <ExecutionEnvironment>
    <HostList>
      <!-- 3) -->
      <Host Name="PHSP" Version="19" />
      <Host Name="PHXS" Version="19" />
    </HostList>
    <LocaleList>
      <Locale Code="All" />
    </LocaleList>
    <RequiredRuntimeList>
      <RequiredRuntime Name="CSXS" Version="7.0" />
    </RequiredRuntimeList>
  </ExecutionEnvironment>
  <DispatchInfoList>
    <!-- 2) -->
    <Extension Id="com.runwayml.photoshop.panel">
      <DispatchInfo>
        <Resources>
          <!-- 4) -->
          <MainPath>./client/index.html</MainPath>
          <!-- 5) -->
          <ScriptPath>./host/index.jsx</ScriptPath>
          <CEFCommandLine>
            <Parameter>--enable-nodejs</Parameter>
            <Parameter>--mixed-context</Parameter>
          </CEFCommandLine>
        </Resources>
        <Lifecycle>
          <AutoVisible>true</AutoVisible>
        </Lifecycle>
        <UI>
          <Type>Panel</Type>
          <!-- 6) -->
          <Menu>RunwayML</Menu>
          <Geometry>
            <Size>
              <!-- 7) -->
              <Height>1000</Height>
              <Width>300</Width>
            </Size>
            <MaxSize>
                <Height>8000</Height>
                <Width>600</Width>
            </MaxSize>
            <MinSize>
                <Height>700</Height>
                <Width>300</Width>
            </MinSize>
          </Geometry>
          <Icons />
        </UI>
      </DispatchInfo>
    </Extension>
  </DispatchInfoList>
</ExtensionManifest>